algo,size,freq_mhz,joules,time_ms
nbody_v5,10000000,0,0.000000000,1972.482347000
